code,address
0101,165 WEBSTER STREET
0102,122 COTTAGE STREET
0103,209 SUMNER STREET
0104,112 PARIS STREET
0105,112 PARIS STREET
0106,86 WHITE STREET
0107,86 WHITE STREET
0108,86 WHITE STREET
0109,86 WHITE STREET
0110,86 WHITE STREET
0111,10 MOORE STREET
0112,61 BAYSWATER STREET
0113,195 LEYDEN STREET
0114,40 VALLAR ROAD
0115,270 MOUNT VERNON STREET
0201,60 HIGH STREET
0202,50 BUNKER HILL STREET
0203,60 HIGH STREET
0204,50 BUNKER HILL STREET
0205,255 MEDFORD STREET
0206,255 MEDFORD STREET
0207,382 MAIN STREET
0208,50 BUNKER HILL STREET
0301,145 COMMERCIAL STREET
0302,30 NORTH BENNETT STREET
0303,25 PARMENTER STREET
0304,130 ENDICOTT STREET
0305,65 MARTHA ROAD
0306,1 CITY HALL PLAZA
0307,1336 WASHINGTON STREET
0308,8 OAK STREET WEST
0309,68 WILLIAM CARDINAL O'CONNELL WAY
0310,CITY HALL PLAZA
0311,30 NORTH BENNETT STREET
0312,100 ARCH STREET
0313,100 ARCH STREET
0314,8 OAK STREET WEST
0315,120 SHAWMUT AVENUE
0316,1336 WASHINGTON STREET
0317,19 MYRTLE STREET
0401,539 TREMONT STREET
0402,700 BOYLSTON STREET
0403,130 DARTMOUTH STREET
0404,755 TREMONT STREET
0405,334 MASSACHUSETTS AVENUE
0406,18 BELVIDERE STREET
0407,100 NORWAY STREET
0408,333 MASSACHUSETTS AVENUE
0409,550 PARKER STREET
0410,2 AVENUE LOUIS PASTEUR
0411,20 MUSEUM ROAD
0412,20 MUSEUM ROAD
0501,539 TREMONT STREET
0502,105 JERSEY STREET
0503,24 BEACON STREET
0504,151 CAMBRIDGE STREET
0505,127 MOUNT VERNON STREET
0506,15 NEWBURY STREET
0507,645 BOYLSTON STREET
0508,700 BOYLSTON STREET
0509,18 BELVIDERE STREET
0510,91 BAY STATE ROAD
0511,127 MOUNT VERNON STREET
0512,1282 BOYLSTON STREET
0513,539 TREMONT STREET
0514,539 TREMONT STREET
0515,100 NORWAY STREET
0601,200 D STREET
0602,200 D STREET
0603,200 D STREET
0604,133 DORCHESTER STREET
0605,646 EAST BROADWAY
0606,120 L STREET
0607,646 EAST BROADWAY
0608,120 L STREET
0609,120 L STREET
0610,100 WEST SECOND STREET
0611,75 NORTHERN AVE
0612,75 NORTHERN AVE
0701,1663 COLUMBIA ROAD
0702,1663 COLUMBIA ROAD
0703,199 H STREET
0704,215 DORCHESTER STREET
0705,185 WEST NINTH STREET
0706,345 OLD COLONY AVENUE
0707,345 OLD COLONY AVENUE
0708,24 BELLFLOWER STREET
0709,24 BELLFLOWER STREET
0710,530 COLUMBIA ROAD
0801,1336 WASHINGTON STREET
0802,1336 WASHINGTON STREET
0803,339 DUDLEY STREET
0804,2 DEARBORN STREET
0805,650 DUDLEY STREET
0806,2 DEARBORN STREET
0901,2 SAN JUAN STREET
0902,1701 WASHINGTON STREET
0903,1855 WASHINGTON STREET
0904,122 DEWITT DRIVE
0905,44 JOHN ELIOT SQUARE
0906,155 NORTHAMPTON STREET
0907,1175 TREMONT STREET
1001,43 SMITH STREET
1002,43 SMITH STREET
1003,1481 TREMONT STREET
1004,2 NEW WHITNEY STREET
1005,1481 TREMONT STREET
1006,7 BOLSTER STREET
1007,90 BICKFORD STREET
1008,100 SOUTH HUNTINGTON AVENUE
1009,493 CENTRE STREET
1101,1234 COLUMBUS AVENUE
1102,2730 WASHINGTON STREET
1103,131 WALNUT AVENUE
1104,120 AMORY STREET
1105,1990 COLUMBUS AVENUE
1106,3297 WASHINGTON STREET
1107,144 MCBRIDE STREET
1108,144 MCBRIDE STREET
1109,20 CHILD STREET
1110,20 CHILD STREET
1201,115 WARREN STREET
1202,280 MARTIN L. KING BOULEVARD
1203,131 WALNUT AVENUE
1204,115 WARREN STREET
1205,280 MARTIN L. KING BOULEVARD
1206,263 BLUE HILL AVENUE
1207,129 ELM HILL AVENUE
1208,131 WALNUT AVENUE
1209,131 WALNUT AVENUE
1301,35 BROOKFORD STREET
1302,35 BROOKFORD STREET
1303,270 MOUNT VERNON STREET
1304,270 COLUMBIA ROAD
1305,530 COLUMBIA ROAD
1306,8A ANNAPOLIS STREET
1307,915 DORCHESTER AVENUE
1308,915 DORCHESTER AVENUE
1309,71 PLEASANT STREET
1310,100 SAVIN HILL AVENUE
1401,270 COLUMBIA ROAD
1402,186 GLENWAY STREET
1403,270 COLUMBIA ROAD
1404,270 COLUMBIA ROAD
1405,429 NORFOLK STREET
1406,2 MCCLELLAN STREET
1407,155 TALBOT AVENUE
1408,1257 BLUE HILL AVENUE
1409,15 TALBOT AVENUE
1410,100 AMES STREET
1411,1257 BLUE HILL AVENUE
1412,393 NORFOLK STREET
1413,393 NORFOLK STREET
1414,1257 BLUE HILL AVENUE
1501,270 COLUMBIA ROAD
1502,7 PARISH STREET
1503,7 PARISH STREET
1504,330 BOWDOIN STREET
1505,35 WESTVILLE STREET
1506,130 AUCKLAND STREET
1507,42 CHARLES STREET
1508,42 CHARLES STREET
1509,1353 DORCHESTER AVENUE
1601,1669 DORCHESTER AVENUE
1602,1 WORRELL STREET
1603,197 A CENTRE STREET
1604,1669 DORCHESTER AVENUE
1605,1 WORRELL STREET
1606,197 A CENTRE STREET
1607,239 NEPONSET AVENUE
1608,690 ADAMS STREET
1609,690 ADAMS STREET
1610,239 NEPONSET AVENUE
1611,55 HALLET STREET
1612,55 HALLET STREET
1701,450 WASHINGTON STREET
1702,35 WESTVILLE STREET
1703,450 WASHINGTON STREET
1704,18 CROFTLAND AVENUE
1705,690 WASHINGTON STREET
1706,690 WASHINGTON STREET
1707,5 MILDRED AVENUE
1708,690 WASHINGTON STREET
1709,784 WASHINGTON STREET
1710,5 MILDRED AVENUE
1711,18 CROFTLAND AVENUE
1712,1060 MORTON STREET
1713,27 RICHMOND STREET
1714,27 RICHMOND STREET
1801,15 MARY MOORE BEATTY CIRCLE
1802,5 MILDRED AVENUE
1803,100 HEBRON STREET
1804,15 MARY MOORE BEATTY CIRCLE
1805,705 RIVER STREET
1806,154 RUSKINDALE ROAD
1807,40 PHILBRICK STREET
1808,612 METROPOLITAN AVENUE
1809,450 POPLAR STREET
1810,426 BEECH STREET
1811,426 BEECH STREET
1812,1179 RIVER STREET
1813,1344 HYDE PARK AVENUE
1814,612 METROPOLITAN AVENUE
1815,612 METROPOLITAN AVENUE
1816,950 METROPOLITAN AVENUE
1817,95 NEEDHAM ROAD
1818,1344 HYDE PARK AVENUE
1819,1179 RIVER STREET
1820,30 MILLSTONE ROAD
1821,154 RUSKINDALE ROAD
1822,450 POPLAR STREET
1823,400 A GEORGETOWNE DRIVE
1901,493 CENTRE STREET
1902,130 LOUDER'S LANE
1903,493 CENTRE STREET
1904,155 LAMARTINE STREET
1905,29 POND STREET
1906,82 GREEN STREET
1907,6 SOUTHBOURNE ROAD
1908,20 CHILD STREET
1909,20 CHILD STREET
1910,6 CUMMINS HIGHWA
1911,25 COLGATE ROAD
1912,6 SOUTHBOURNE ROAD
1913,6 CUMMINS HIGHWA
2001,39 BELGRADE AVENUE
2002,39 BELGRADE AVENUE
2003,5125 WASHINGTON STREET
2004,39 BELGRADE AVENUE
2005,23 SPRING STREET
2006,535 WEST ROXBURY PARKWAY
2007,535 WEST ROXBURY PARKWAY
2008,1708 CENTRE STREET
2009,236 BEECH STREET
2010,55 EMMONSDALE ROAD
2011,1716 CENTRE STREET
2012,20 MOUNT VERNON STREET
2013,20 MOUNT VERNON STREET
2014,55 EMMONSDALE ROAD
2015,5125 WASHINGTON STREET
2016,35 BAKER STREET
2017,1961 CENTRE STREET
2018,1961 CENTRE STREET
2019,535 WEST ROXBURY PARKWAY
2020,1716 CENTRE STREET
2021,5125 WASHINGTON STREET
2101,105 JERSEY STREET
2102,24 CUMMINGTON MALL
2103,500 CAMBRIDGE STREET
2104,500 CAMBRIDGE STREET
2105,500 CAMBRIDGE STREET
2106,500 CAMBRIDGE STREET
2107,500 CAMBRIDGE STREET
2108,20 WARREN STREET
2109,20 WARREN STREET
2110,95 WASHINGTON STREET
2111,95 WASHINGTON STREET
2112,20 WASHINGTON STREET
2113,30 WALLINGFORD ROAD
2114,198 STRATHMORE ROAD
2115,198 STRATHMORE ROAD
2116,198 STRATHMORE ROAD
2201,300 NORTH HARVARD STREET
2202,300 NORTH HARVARD STREET
2203,20 CHESTNUT HILL AVENUE
2204,615 WASHINGTON STREET
2205,300 NORTH HARVARD STREET
2206,20 WARREN STREET
2207,615 WASHINGTON STREET
2208,60 GLENMONT ROAD
2209,60 GLENMONT ROAD
2210,95 BEECHCROFT STREET
2211,95 BEECHCROFT STREET
2212,95 BEECHCROFT STREET
2213,615 WASHINGTON STREET
